customer_id,age,gender,segment,lifetime_value,region
C0001,37,M,Standard,494.0310392499183,North
C0002,34,M,Basic,605.9282473962259,South
C0003,76,F,Standard,1793.9429458284012,South
C0004,19,M,Premium,192.87491614184302,South
C0005,67,F,Basic,5090.16991061052,North
C0006,25,F,Standard,2745.6287097557765,East
C0007,52,M,Standard,5.423630705951003,South
C0008,44,F,Premium,661.1434539417769,South
C0009,27,F,Standard,115.61824625171234,South
C0010,53,M,Basic,1290.329365859015,North
C0011,54,F,Standard,2764.5319937586187,North
C0012,78,F,Premium,6.4311079175041606,West
C0013,75,M,Standard,3190.5350617675567,North
C0014,43,F,Premium,5564.8358749241415,North
C0015,53,M,Basic,1266.6439403822023,North
C0016,19,F,Premium,1723.2088875645086,North
C0017,24,M,Basic,409.92396108598706,West
C0018,72,F,Basic,415.3828307395632,East
C0019,73,M,Standard,3303.0665083994213,West
C0020,18,F,Premium,1874.7450265887703,South
C0021,26,F,Basic,1254.9992050629319,West
C0022,54,M,Basic,881.3777774211005,West
C0023,57,M,Standard,2001.5703148679215,North
C0024,63,M,Basic,34.20080702848404,East
C0025,70,M,Basic,2935.456359025959,South
C0026,61,F,Standard,5042.124109477006,West
C0027,48,M,Basic,316.8788564258399,East
C0028,43,M,Basic,1158.5441461568325,East
C0029,68,M,Basic,2010.0843644430406,West
C0030,70,M,Premium,1117.770249728273,East
C0031,18,M,Premium,642.1093152398031,East
C0032,70,M,Standard,426.4061697572319,West
C0033,32,M,Standard,53.571298070302916,East
C0034,52,M,Basic,1692.8429585031477,North
C0035,25,F,Basic,1327.1369220549561,West
C0036,66,F,Premium,3352.181731435284,East
C0037,67,F,Standard,2158.939020133224,South
C0038,48,F,Basic,1844.9675985148108,South
C0039,51,M,Standard,11.198353706368986,North
C0040,45,M,Basic,1393.3745617908244,North
C0041,25,M,Premium,2320.8616522638895,South
C0042,64,F,Basic,3469.726681110485,South
C0043,20,M,Standard,920.4190797227778,West
C0044,74,F,Standard,2875.0846391908094,West
C0045,45,M,Basic,2401.7926490247196,South
C0046,44,M,Premium,495.7939139089804,East
C0047,35,F,Basic,2516.8004565655774,East
C0048,55,M,Standard,1462.5782193856,West
C0049,60,F,Premium,2984.377260988457,East
C0050,45,F,Standard,1289.5684158556417,South
C0051,71,F,Premium,6223.998788607104,North
C0052,41,F,Basic,144.08557264968616,North
C0053,69,M,Basic,1531.305051524049,North
C0054,55,M,Basic,1017.3347594881457,West
C0055,35,F,Standard,126.467630251492,West
C0056,25,M,Premium,218.21525453851663,East
C0057,25,M,Premium,304.91265756888424,East
C0058,54,F,Basic,3809.0634963272787,West
C0059,62,F,Standard,1667.6126647893716,East
C0060,44,F,Basic,482.9812313137308,South
C0061,66,M,Basic,3963.83327648569,West
C0062,53,M,Basic,9957.134017969434,North
C0063,69,F,Basic,493.50081271204704,North
C0064,20,M,Premium,1677.1223998196538,South
C0065,63,F,Premium,633.43509149293,North
C0066,42,M,Basic,2001.37634449722,North
C0067,21,F,Premium,2234.7434944043794,West
C0068,24,M,Standard,4885.301000453272,South
C0069,60,F,Standard,1731.9474270816022,South
C0070,62,F,Basic,989.5081045779434,North
C0071,41,F,Standard,660.1778011184111,West
C0072,24,M,Premium,696.5495734450191,East
C0073,50,F,Standard,1123.4362593748308,North
C0074,44,F,Premium,2663.667558491678,East
C0075,65,M,Premium,733.5510525367985,West
C0076,26,F,Premium,1857.963863689661,East
C0077,76,F,Standard,1997.6979750811815,North
C0078,52,F,Standard,4474.861310060921,North
C0079,70,F,Premium,200.8794474873651,East
C0080,48,F,Standard,1550.855276159682,South
C0081,40,M,Premium,2373.8261785898417,North
C0082,58,F,Premium,4756.301178140337,East
C0083,47,M,Basic,779.878490368741,North
C0084,59,M,Premium,2783.053662973849,South
C0085,59,F,Standard,1566.9903790122949,North
C0086,43,M,Basic,83.29643870963974,North
C0087,78,F,Standard,989.136797896051,North
C0088,42,M,Basic,1443.9111423539923,East
C0089,75,M,Basic,1.7642317158789134,North
C0090,64,F,Premium,3713.5562381023715,West
C0091,49,M,Basic,1778.8817661001258,East
C0092,23,M,Standard,885.5490362217093,West
C0093,29,M,Basic,3315.5723871216915,East
C0094,59,F,Premium,3117.1913880081156,North
C0095,72,M,Premium,1173.7025246241953,East
C0096,72,M,Standard,5281.000118733296,West
C0097,21,M,Standard,3613.856249406148,North
C0098,70,F,Standard,88.6140110984605,South
C0099,74,F,Standard,520.8991670980578,South
C0100,43,M,Premium,647.112612998653,East
C0101,44,M,Premium,2249.5067901166917,East
C0102,34,F,Standard,545.6510759066506,South
C0103,62,F,Premium,2589.01310111031,West
C0104,47,F,Standard,7025.246730463976,West
C0105,52,M,Basic,1240.176457489263,West
C0106,44,M,Basic,1472.9416006225383,West
C0107,52,M,Premium,13750.39693523834,North
C0108,23,F,Standard,331.7212355244722,North
C0109,50,M,Basic,64.67305260624966,South
C0110,18,F,Premium,4393.145868958066,North
C0111,40,F,Premium,7614.633843218882,East
C0112,67,M,Basic,435.18792356655035,North
C0113,77,M,Standard,558.3155601662281,South
C0114,71,M,Basic,1490.811032751125,South
C0115,18,M,Premium,2869.8709900301687,West
C0116,50,F,Standard,6695.092394446384,North
C0117,58,M,Premium,4723.591376289011,East
C0118,40,M,Premium,1600.854627491616,West
C0119,79,F,Premium,69.38239628397339,East
C0120,61,F,Premium,1866.0646126042388,East
C0121,25,F,Premium,8.83977461477744,North
C0122,47,M,Standard,1537.6613633145803,West
C0123,57,M,Standard,1169.038409526388,North
C0124,57,F,Standard,2115.6809579299565,North
C0125,32,M,Premium,4686.664049101158,South
C0126,42,M,Standard,1949.563136889,North
C0127,75,F,Premium,579.3658444512838,West
C0128,76,F,Standard,377.1489067740135,South
C0129,28,F,Standard,6600.725658690518,South
C0130,74,M,Standard,1578.8964254621756,South
C0131,56,M,Standard,3.742189071343607,East
C0132,28,F,Standard,2332.89842676708,West
C0133,43,F,Standard,664.3536166866899,North
C0134,31,F,Basic,1439.5361463962715,East
C0135,59,F,Basic,340.57187152087414,South
C0136,22,M,Standard,85.95726649758672,East
C0137,69,F,Standard,4445.610057339355,West
C0138,74,M,Basic,905.3350500557945,West
C0139,68,F,Standard,2601.394968858728,South
C0140,60,F,Standard,5150.24064191305,East
C0141,29,F,Standard,3070.7054532297416,North
C0142,68,M,Basic,6409.538399196114,East
C0143,57,M,Basic,1838.6304300552613,East
C0144,78,M,Standard,338.3811199039392,West
C0145,35,F,Basic,1083.9463527486953,West
C0146,49,F,Premium,803.7101876166669,East
C0147,52,M,Standard,3054.1907493062517,South
C0148,68,F,Basic,205.0294998336913,West
C0149,30,F,Premium,474.9001731217246,East
C0150,72,M,Basic,6062.28475159167,South
C0151,75,M,Basic,5084.8327438411725,West
C0152,33,F,Premium,718.1918715180418,South
C0153,71,M,Standard,1028.8553962968053,South
C0154,46,F,Basic,10844.256295190144,South
C0155,69,M,Basic,1396.4322612587102,South
C0156,48,M,Standard,2805.6050138106666,South
C0157,23,M,Basic,2066.544160523199,East
C0158,55,F,Premium,2621.7201188839817,North
C0159,50,M,Standard,623.7023419589983,West
C0160,52,M,Standard,330.294069896318,West
C0161,32,M,Basic,1071.5583887536757,South
C0162,56,M,Standard,720.4736126998255,East
C0163,52,F,Premium,3669.6576530906323,South
C0164,76,F,Premium,186.91882238656672,West
C0165,24,F,Basic,1476.196513613288,West
C0166,51,M,Premium,1137.5613141140889,South
C0167,76,F,Premium,2351.1860814727365,East
C0168,29,M,Standard,1866.5770158291893,South
C0169,71,F,Premium,3068.5132802574176,West
C0170,45,F,Standard,1388.8371606854396,West
C0171,25,F,Standard,1450.9916921857018,South
C0172,21,M,Premium,8877.881413834588,North
C0173,43,M,Standard,2313.994287462556,South
C0174,48,M,Basic,79.01340456096509,East
C0175,34,F,Basic,622.5455126863909,West
C0176,77,M,Premium,114.07277504196531,North
C0177,67,M,Standard,368.24481127524706,West
C0178,44,F,Standard,2643.5614964801753,East
C0179,52,F,Basic,2375.3793850581915,West
C0180,55,F,Basic,1633.4256078342275,East
C0181,20,F,Premium,3932.880108622017,South
C0182,58,M,Premium,1241.2300815433287,East
C0183,65,M,Premium,469.35820444292915,West
C0184,52,M,Basic,514.9221986866803,South
C0185,37,F,Standard,739.1519207953945,West
C0186,49,M,Standard,665.1175796041222,East
C0187,46,M,Standard,147.73339846181236,North
C0188,18,M,Standard,348.9485881973949,South
C0189,47,F,Basic,8025.917705843035,West
C0190,21,F,Premium,1406.888719361311,West
C0191,39,F,Standard,4336.855911276608,North
C0192,74,M,Basic,1803.9376886872697,East
C0193,30,M,Standard,4039.3216626178373,South
C0194,39,F,Premium,3002.4060307550953,North
C0195,21,M,Standard,1586.6978754514387,North
C0196,30,M,Basic,279.67017162772095,West
C0197,75,M,Premium,2089.4747070777294,South
C0198,39,M,Premium,2326.9577965513026,South
C0199,28,M,Basic,744.3260943734017,North
C0200,74,F,Standard,4989.867825925776,West
C0201,62,M,Premium,4866.378029103303,South
C0202,69,M,Premium,501.4762512931481,South
C0203,31,M,Premium,611.3645200953309,South
C0204,21,F,Premium,3592.641266755664,South
C0205,69,M,Premium,406.3271647901838,East
C0206,69,M,Premium,1629.3008533210486,East
C0207,60,M,Basic,546.1489709266032,West
C0208,73,M,Basic,2213.911757630819,West
C0209,79,M,Basic,351.19121326221136,North
C0210,26,F,Standard,369.7155840147819,North
C0211,48,M,Basic,946.2430704126041,West
C0212,30,M,Standard,2908.5490961475866,South
C0213,59,M,Basic,259.0293417239672,South
C0214,36,M,Premium,5811.779645456514,West
C0215,46,F,Premium,1458.6275706656754,South
C0216,66,F,Premium,3629.904858465837,North
C0217,30,F,Premium,254.54431304613746,East
C0218,30,F,Premium,1301.2109422497726,South
C0219,24,F,Premium,465.78488093666283,East
C0220,41,M,Basic,2573.8671554207467,North
C0221,51,F,Standard,2328.168790656472,North
C0222,24,F,Standard,60.2812554804354,East
C0223,68,M,Basic,3481.1571641200517,North
C0224,33,M,Standard,9211.942364779756,North
C0225,40,M,Premium,1195.176738303609,East
C0226,42,F,Basic,1029.1735260542778,South
C0227,58,F,Premium,310.0583886294741,West
C0228,64,F,Premium,1662.348588383033,East
C0229,21,F,Basic,1807.9665193437206,South
C0230,25,M,Premium,1009.3693895027462,East
C0231,73,M,Basic,4353.860281970916,North
C0232,66,M,Basic,1942.229503771963,South
C0233,36,F,Basic,1316.500108500267,East
C0234,69,M,Standard,428.9492830344068,West
C0235,63,F,Premium,1053.5947733277867,North
C0236,48,M,Standard,2920.8954811155395,West
C0237,70,M,Basic,122.87183886436712,South
C0238,66,M,Premium,1109.0515513348946,West
C0239,32,F,Basic,230.9944415468253,East
C0240,48,F,Premium,117.04843828631469,West
C0241,64,F,Premium,2439.2959574764536,South
C0242,69,F,Basic,958.8470050745944,East
C0243,38,F,Standard,579.9653757046283,South
C0244,44,M,Basic,650.4396237650942,North
C0245,39,M,Standard,2722.3719361670337,North
C0246,59,F,Basic,503.2527922587273,East
C0247,29,M,Standard,1634.7539983643826,South
C0248,37,M,Basic,703.2168778078334,South
C0249,50,M,Standard,1334.8504626750675,East
C0250,75,F,Premium,1684.8920414716126,West
C0251,64,M,Premium,1139.747087797994,East
C0252,72,M,Premium,664.8206391963165,South
C0253,72,M,Premium,1159.644590076577,West
C0254,32,F,Premium,3152.261964755661,West
C0255,75,M,Basic,2500.731634752086,South
C0256,52,F,Standard,3101.3799290787324,South
C0257,33,M,Basic,3993.5323721459863,North
C0258,70,F,Standard,891.3161669625846,South
C0259,45,F,Standard,1146.7160557229054,West
C0260,77,M,Basic,150.48195668595,West
C0261,28,F,Standard,250.07617219272993,East
C0262,37,M,Premium,8537.91929708244,South
C0263,73,M,Standard,2157.6786723737396,West
C0264,39,F,Standard,2465.1882882982127,South
C0265,52,M,Basic,482.40934087600147,East
C0266,60,F,Standard,1291.4209929557262,South
C0267,76,F,Standard,204.8011090061787,South
C0268,54,F,Standard,562.2760271603613,North
C0269,29,F,Basic,3413.720037150763,West
C0270,75,F,Premium,1955.9275337668903,East
C0271,50,F,Basic,844.9971454672017,North
C0272,52,F,Standard,717.910441349582,West
C0273,45,F,Premium,5312.713104191708,West
C0274,53,F,Standard,776.8034341440249,East
C0275,69,F,Basic,547.3103744194292,South
C0276,29,M,Basic,711.388186291341,South
C0277,65,F,Standard,193.15452482564672,West
C0278,34,F,Premium,3348.082146287889,West
C0279,34,F,Basic,1386.5979861508781,East
C0280,36,M,Standard,1358.3232735467095,West
C0281,61,F,Basic,2424.7305816226212,South
C0282,39,M,Basic,669.3776042493703,South
C0283,18,F,Premium,538.2797618976899,North
C0284,25,F,Premium,5643.8598211768185,North
C0285,18,F,Basic,253.86376204620265,West
C0286,75,M,Premium,6670.515279470828,North
C0287,39,F,Standard,1921.7716096435283,West
C0288,76,F,Basic,3518.0040257107403,South
C0289,55,F,Standard,3902.153549380758,East
C0290,45,F,Basic,61.26935927766075,East
C0291,79,M,Premium,119.19794129151869,North
C0292,57,M,Basic,2249.2363589122397,West
C0293,24,F,Standard,62.95792513641452,West
C0294,49,M,Premium,2805.723251066148,South
C0295,20,M,Basic,2832.3999849538595,East
C0296,54,M,Basic,755.0980387846392,South
C0297,18,F,Basic,4874.107229446428,East
C0298,33,M,Premium,2603.2249482577076,East
C0299,53,F,Standard,5231.603404132325,West
C0300,70,F,Basic,1855.6463244686313,South
C0301,29,F,Standard,2641.543450103499,West
C0302,55,F,Basic,2726.0315694603396,West
C0303,74,F,Premium,115.21024809704913,North
C0304,46,M,Standard,1499.3709012555105,West
C0305,67,M,Basic,2884.6634605473873,South
C0306,36,F,Premium,1371.8345463970459,East
C0307,19,F,Premium,5961.059332104007,West
C0308,67,M,Premium,4356.175052592872,North
C0309,65,F,Premium,4505.249580277592,West
C0310,18,F,Standard,2967.8411692792497,North
C0311,68,F,Basic,1101.220676899051,West
C0312,75,M,Basic,2670.94096008962,East
C0313,42,F,Basic,152.61833846267842,North
C0314,18,F,Standard,228.35839341734953,East
C0315,55,F,Standard,757.2056701927763,West
C0316,61,M,Basic,8546.941261010566,North
C0317,61,F,Standard,606.7413310085315,South
C0318,28,M,Standard,1760.5978813749743,West
C0319,76,M,Premium,217.5630248705107,East
C0320,33,F,Basic,3044.9872259553404,East
C0321,69,F,Standard,1139.0050734344518,North
C0322,74,F,Standard,2507.0457411972543,South
C0323,48,M,Premium,3867.479147039005,South
C0324,70,F,Premium,9170.248933667799,North
C0325,54,F,Basic,14.482940291754762,North
C0326,71,F,Basic,1525.9458821467588,North
C0327,63,F,Premium,103.9466408775887,West
C0328,66,F,Premium,1037.3129579255676,South
C0329,50,M,Basic,993.1923373079237,West
C0330,37,F,Standard,531.2049552087547,West
C0331,71,F,Standard,1685.3899879719936,South
C0332,25,M,Standard,201.93328105362735,West
C0333,79,M,Basic,135.7063571691115,West
C0334,23,F,Premium,1264.0851362844553,South
C0335,60,M,Standard,5786.647300712555,South
C0336,20,M,Standard,2056.5558212107735,North
C0337,47,M,Standard,2249.7786009949887,North
C0338,44,M,Standard,1058.525030132932,East
C0339,42,F,Premium,134.3888194812592,North
C0340,73,M,Basic,392.8460206153263,East
C0341,65,M,Standard,1703.6426136372054,West
C0342,48,M,Standard,156.2300244760578,West
C0343,46,F,Standard,1179.9891363187405,South
C0344,28,M,Basic,1568.3692956128316,South
C0345,35,M,Standard,391.15159906285203,North
C0346,22,F,Basic,2865.495185176977,South
C0347,25,M,Standard,2373.856223448326,South
C0348,40,F,Standard,2029.3012573144297,West
C0349,55,F,Basic,819.6395593463868,West
C0350,61,F,Premium,621.1883255919508,South
C0351,34,M,Premium,1806.4078886220202,South
C0352,19,M,Basic,183.6949605894366,West
C0353,30,F,Standard,3264.731786180655,South
C0354,35,M,Basic,753.0522490380305,East
C0355,31,M,Premium,1005.8702083987594,North
C0356,41,F,Basic,754.3503690595124,West
C0357,25,M,Standard,442.2685213010185,North
C0358,58,F,Standard,9023.854885906569,East
C0359,61,M,Basic,745.6474784894992,East
C0360,59,F,Standard,872.243508332707,South
C0361,65,F,Standard,141.53232617670093,North
C0362,69,F,Standard,391.07915269886195,West
C0363,78,F,Standard,140.5112365850843,East
C0364,21,F,Standard,409.2737930284008,East
C0365,25,F,Basic,645.8190522100635,North
C0366,40,M,Standard,2307.2611069789223,South
C0367,39,F,Premium,837.8340731533594,East
C0368,62,F,Premium,1429.6870322808388,South
C0369,37,F,Basic,5570.895122237702,West
C0370,20,M,Premium,4045.0340614290726,West
C0371,75,M,Basic,5344.681480183847,West
C0372,52,F,Premium,4056.343483945306,South
C0373,20,F,Premium,5675.156870982361,East
C0374,47,F,Standard,1009.2286103959462,East
C0375,31,F,Basic,4410.497604248922,North
C0376,37,M,Premium,2147.8906341255174,East
C0377,69,M,Standard,58.02663112684892,East
C0378,59,M,Standard,3323.3196527043892,West
C0379,79,M,Standard,1140.2731482881402,North
C0380,43,F,Standard,455.89124449136915,East
C0381,44,M,Standard,472.4341274996063,North
C0382,69,M,Premium,7119.087500647906,East
C0383,69,F,Basic,260.2422954970547,North
C0384,77,F,Basic,1089.0278754489839,North
C0385,58,F,Standard,151.99335142829207,North
C0386,54,M,Basic,651.6549034588154,South
C0387,35,M,Premium,352.4936141374273,North
C0388,66,F,Standard,55.62460652697463,North
C0389,41,M,Basic,89.01455741678043,South
C0390,47,F,Premium,2855.0478536647724,North
C0391,66,M,Basic,1025.2744744108395,South
C0392,26,F,Premium,979.6030895623386,South
C0393,33,M,Basic,4005.6686653452607,South
C0394,28,M,Basic,211.0274304356004,West
C0395,35,F,Premium,874.7599159214728,North
C0396,33,F,Basic,349.83159193348627,South
C0397,41,F,Standard,1630.3210143672611,South
C0398,40,M,Basic,3201.569458493357,North
C0399,76,F,Standard,1248.2822693983862,South
C0400,44,F,Premium,4449.091683620553,South
C0401,33,F,Standard,3058.37023715299,North
C0402,77,F,Standard,11.714069446790452,West
C0403,58,F,Premium,1047.1448070264385,South
C0404,71,M,Basic,3079.5389220287357,West
C0405,58,M,Premium,4401.018304129162,South
C0406,59,F,Premium,744.9321569371137,North
C0407,36,F,Premium,3073.1177204055884,South
C0408,30,M,Basic,1549.7084470730658,East
C0409,45,F,Standard,3030.0890381926574,East
C0410,54,F,Standard,635.9827966308472,South
C0411,33,M,Basic,1464.8872126082833,West
C0412,70,F,Premium,2745.715134126634,East
C0413,54,M,Premium,7058.236027353391,South
C0414,51,F,Premium,30.922201392164904,North
C0415,64,F,Premium,3520.58205482221,East
C0416,27,F,Premium,1781.7924984457936,North
C0417,37,M,Premium,12411.383066684859,East
C0418,47,F,Standard,1616.710243019706,South
C0419,22,F,Premium,771.4559063818834,East
C0420,29,M,Premium,1593.1568740572206,North
C0421,38,F,Premium,478.0681304797842,East
C0422,68,M,Basic,3232.6060151420083,East
C0423,62,F,Basic,416.5343837665592,North
C0424,25,M,Standard,1758.9538187199555,North
C0425,31,F,Premium,2944.8254701923524,North
C0426,26,F,Standard,1717.8163716277722,South
C0427,34,F,Basic,514.6892002839132,North
C0428,50,F,Standard,1804.3728889739373,East
C0429,33,F,Premium,1765.2815178498593,West
C0430,76,M,Standard,5538.57332172872,West
C0431,59,F,Basic,4330.268314097668,North
C0432,22,F,Premium,5936.511689297193,South
C0433,39,F,Premium,969.1731235076637,East
C0434,46,M,Premium,4233.974519140535,North
C0435,24,F,Standard,2256.1751865889714,East
C0436,56,M,Basic,443.8664494449528,West
C0437,44,F,Standard,2151.053272273337,South
C0438,50,M,Standard,1179.7403879617048,South
C0439,60,M,Premium,4917.604363824865,South
C0440,53,M,Basic,988.6898314589972,South
C0441,23,F,Standard,3161.976932012246,East
C0442,41,M,Standard,4311.94037203143,West
C0443,57,M,Standard,2756.9589371843313,East
C0444,36,M,Premium,2617.502980914277,East
C0445,64,M,Premium,223.59810960886531,North
C0446,59,M,Standard,83.66643698131888,South
C0447,66,F,Basic,2927.1816316725585,West
C0448,26,F,Basic,3728.882929634142,North
C0449,67,M,Premium,3534.830580067604,East
C0450,31,F,Basic,4217.18724813264,South
C0451,58,F,Basic,757.3182803686211,South
C0452,51,F,Premium,292.76064440695995,North
C0453,44,M,Basic,4700.678152739044,East
C0454,31,F,Basic,1810.8087963907872,North
C0455,73,F,Basic,8900.203024572053,North
C0456,62,F,Premium,2051.0364069967995,East
C0457,41,F,Basic,258.99569672426577,East
C0458,23,F,Basic,3495.2302507677505,East
C0459,76,F,Basic,2095.6090655435455,West
C0460,29,M,Premium,1333.1501255999033,South
C0461,54,M,Basic,1981.9978625418369,South
C0462,23,M,Premium,151.55420820643494,West
C0463,38,F,Basic,2853.0340442181932,North
C0464,32,F,Premium,3829.8221204915308,West
C0465,57,M,Basic,1433.9127897828103,North
C0466,41,F,Basic,929.8072643831539,South
C0467,57,F,Premium,3048.201507929747,West
C0468,19,F,Basic,425.2798221477324,North
C0469,65,M,Basic,1155.6096873175698,South
C0470,45,M,Basic,9.937833005987882,East
C0471,51,F,Premium,4920.400772243781,East
C0472,39,M,Premium,5120.474799164378,South
C0473,51,F,Premium,2190.5123511497654,East
C0474,31,M,Premium,1971.4254935504803,East
C0475,44,M,Standard,2336.419509460019,East
C0476,51,M,Standard,1361.830979109865,East
C0477,46,F,Basic,4716.80909792661,North
C0478,19,M,Premium,1508.6589201556408,North
C0479,26,M,Premium,1533.6886743968278,North
C0480,49,F,Standard,2812.673385720524,West
C0481,38,M,Premium,1267.79340141609,West
C0482,49,M,Basic,871.6001750104665,South
C0483,46,F,Basic,1755.4062542187628,North
C0484,41,M,Basic,2963.427454602628,South
C0485,21,F,Standard,3257.9386410794627,West
C0486,37,F,Premium,12156.720299627188,East
C0487,49,F,Standard,1785.5169622599299,West
C0488,59,F,Basic,2441.906782318501,South
C0489,60,F,Standard,213.7124476467765,North
C0490,55,M,Standard,1391.1500466558737,East
C0491,60,F,Basic,578.2592421192622,South
C0492,46,M,Premium,3954.275807397444,East
C0493,25,F,Premium,1201.6297610808604,North
C0494,51,M,Basic,2175.1393238987453,North
C0495,41,F,Premium,5043.276149625679,West
C0496,30,M,Premium,5897.5905548182145,North
C0497,54,F,Standard,1346.8845079448529,South
C0498,62,M,Basic,3397.7201607485285,South
C0499,28,M,Standard,2194.141330125753,South
C0500,38,M,Standard,7473.8005790781235,East
C0501,52,M,Premium,1001.8393781670935,West
C0502,47,F,Premium,2663.1567413010653,West
C0503,43,F,Premium,2627.498457606862,North
C0504,49,F,Standard,362.09194095219004,East
C0505,19,M,Basic,1536.4621236742469,West
C0506,39,M,Basic,2205.056093550283,West
C0507,34,M,Premium,4474.889420105105,North
C0508,41,F,Standard,213.30386196663648,North
C0509,23,M,Premium,749.4992889506915,East
C0510,75,F,Standard,959.9049026768324,West
C0511,78,M,Standard,9199.2288578384,West
C0512,43,F,Basic,267.9102918486463,East
C0513,64,F,Standard,851.120017771087,West
C0514,41,F,Basic,1800.377830721192,South
C0515,30,F,Basic,1554.6446109944488,South
C0516,64,M,Premium,344.97096744333834,South
C0517,67,M,Basic,1000.2031515800827,South
C0518,48,M,Premium,3633.7446200986788,East
C0519,33,F,Premium,6313.974555563104,West
C0520,64,F,Basic,416.0710366141298,West
C0521,42,M,Basic,271.47221254483827,South
C0522,72,F,Standard,854.7347576711833,West
C0523,18,F,Standard,52.36177414090413,East
C0524,51,M,Standard,3101.2728883443124,South
C0525,41,M,Basic,1151.9143248064888,East
C0526,20,M,Premium,4429.008394793094,West
C0527,23,F,Basic,178.10932081649057,East
C0528,66,M,Basic,390.74608807600214,West
C0529,58,F,Basic,1511.0432508028719,South
C0530,70,M,Basic,1498.8362038556581,North
C0531,70,M,Premium,1742.0895948282252,West
C0532,27,M,Standard,318.2013645691739,West
C0533,38,M,Basic,2666.6033799439583,West
C0534,79,M,Basic,1669.1685728465404,South
C0535,38,M,Premium,1537.6269852048135,West
C0536,71,F,Premium,3453.110672865163,South
C0537,31,F,Standard,3128.750027069691,East
C0538,18,F,Standard,2565.0808495664774,East
C0539,66,F,Basic,1733.0804329618002,East
C0540,79,F,Standard,2345.3409193921225,West
C0541,33,M,Premium,1504.9766958044065,West
C0542,26,M,Standard,2799.300617212297,South
C0543,43,F,Basic,3591.3704329728844,East
C0544,41,F,Premium,5232.45595543965,East
C0545,33,F,Basic,7490.62129396242,East
C0546,67,F,Standard,904.1794685156177,West
C0547,54,F,Basic,3839.4758409408128,North
C0548,69,F,Standard,1296.1790623976958,North
C0549,71,F,Standard,2891.963646733258,East
C0550,28,M,Premium,3709.1586143383283,East
C0551,70,F,Standard,290.9964088721238,West
C0552,61,M,Standard,2242.706023403134,West
C0553,62,F,Basic,241.71119102399814,North
C0554,71,F,Standard,96.27460693432589,West
C0555,18,F,Premium,2392.3341939440443,North
C0556,32,M,Premium,2251.6046693752437,North
C0557,77,M,Standard,1753.1096224957562,South
C0558,29,M,Basic,995.0615324856528,West
C0559,67,F,Standard,2764.0363929630475,North
C0560,76,F,Standard,53.29361361962021,West
C0561,47,F,Standard,2677.5294812977545,West
C0562,58,M,Basic,84.72228166694318,North
C0563,41,F,Premium,57.368852979311015,North
C0564,38,F,Standard,3170.4280131954465,North
C0565,35,F,Basic,7132.117636472497,North
C0566,66,M,Basic,322.1786884601454,East
C0567,38,M,Basic,210.15077313044355,North
C0568,20,M,Standard,3287.888132898214,West
C0569,65,F,Basic,514.3001127045333,East
C0570,77,F,Basic,560.7188850938285,North
C0571,29,M,Premium,184.28327410243273,South
C0572,24,M,Standard,1205.1145220416704,East
C0573,67,F,Basic,1494.5880719558527,West
C0574,74,M,Premium,305.81533537519584,West
C0575,78,M,Basic,1123.7295624101714,East
C0576,74,M,Standard,1679.1532530546199,South
C0577,63,M,Standard,3242.8148167580334,West
C0578,47,F,Premium,3722.089068435376,West
C0579,56,M,Premium,5775.579704164253,South
C0580,53,M,Basic,824.1771907845855,South
C0581,61,F,Basic,2915.0136868278423,West
C0582,21,M,Premium,1493.6665117426694,North
C0583,55,M,Premium,2113.8730178271426,East
C0584,22,F,Premium,1513.2993528962525,North
C0585,66,F,Basic,1357.7204765420659,North
C0586,35,F,Standard,2143.8989097394056,North
C0587,59,F,Basic,2738.652634243667,North
C0588,29,M,Premium,289.9002997302885,South
C0589,77,F,Basic,880.1085164914546,East
C0590,60,M,Premium,3099.6895316310906,South
C0591,51,M,Premium,922.4129652666057,North
C0592,67,M,Basic,1398.0456744282722,West
C0593,25,M,Premium,1552.5021859148615,West
C0594,68,M,Standard,2831.5186427203153,North
C0595,24,F,Standard,842.2053375373953,East
C0596,22,F,Basic,6537.008453620513,East
C0597,54,M,Standard,710.8351244204356,North
C0598,58,F,Premium,6694.622152105202,East
C0599,69,F,Premium,5158.44232174423,North
C0600,70,F,Standard,2523.3383375112826,East
C0601,76,M,Standard,2481.801783117095,South
C0602,30,F,Standard,570.4178822276441,North
C0603,62,M,Standard,535.081229138194,West
C0604,25,F,Premium,24.799978998543125,East
C0605,79,F,Premium,884.2455068526125,North
C0606,36,M,Premium,3684.014242932651,North
C0607,50,M,Premium,653.9605978868055,North
C0608,48,M,Basic,1760.3896375221134,North
C0609,55,F,Standard,2882.2267189482577,East
C0610,78,M,Premium,699.484682492916,East
C0611,32,F,Premium,1915.1292268200796,East
C0612,67,M,Basic,2038.7012470912932,North
C0613,40,M,Standard,144.52088871680849,South
C0614,56,M,Premium,8820.71024564778,North
C0615,54,F,Standard,3666.0035997935347,West
C0616,72,F,Standard,4525.312297065058,East
C0617,28,F,Standard,590.6361609923272,South
C0618,46,F,Premium,670.6453951037938,East
C0619,33,F,Standard,26.52151034135534,East
C0620,45,F,Standard,139.46389573087612,West
C0621,28,M,Standard,1034.3846328975376,West
C0622,68,F,Premium,1256.5861092467164,West
C0623,77,M,Standard,2044.2574153307905,North
C0624,49,F,Basic,2945.901821580973,West
C0625,51,M,Standard,2212.6011709419113,South
C0626,59,M,Standard,11415.423862000825,East
C0627,49,M,Standard,1461.508260560885,West
C0628,50,F,Basic,1281.575484440347,West
C0629,60,F,Premium,642.221266018941,South
C0630,49,M,Standard,4119.25872920209,West
C0631,64,F,Basic,6412.641339282316,North
C0632,47,F,Basic,107.50889147430154,North
C0633,29,F,Basic,458.4537499381765,South
C0634,32,F,Basic,350.32080229504015,South
C0635,66,M,Standard,1140.385779917391,North
C0636,51,M,Premium,526.109195388095,West
C0637,24,M,Basic,3102.908334863629,South
C0638,79,F,Basic,600.9222840514311,South
C0639,41,F,Basic,381.01997248944934,North
C0640,68,M,Basic,56.42037499402747,South
C0641,18,F,Basic,1276.3636001148814,South
C0642,29,F,Standard,175.5100399727347,North
C0643,20,M,Standard,1986.4749509365377,South
C0644,76,M,Standard,291.75240026396756,South
C0645,27,M,Basic,2196.8652744560327,East
C0646,65,F,Premium,230.32508731667858,West
C0647,29,M,Standard,2097.10598050194,South
C0648,73,M,Basic,2616.6857736189,East
C0649,33,M,Standard,1131.9967437871271,East
C0650,41,M,Standard,3890.1342591212433,South
C0651,40,M,Basic,3594.9960698044306,East
C0652,65,F,Standard,1303.5497391435188,East
C0653,51,F,Premium,3257.6221672371303,South
C0654,49,M,Premium,43.3159984925552,North
C0655,59,M,Standard,2259.996527611891,South
C0656,25,M,Premium,521.5755695674582,South
C0657,29,F,Standard,1507.2869554216227,East
C0658,57,F,Standard,1364.5696768326325,South
C0659,63,F,Standard,750.4898098997863,South
C0660,41,F,Premium,2325.8946195979,North
C0661,65,F,Premium,471.96426942019144,East
C0662,79,M,Premium,1106.1918004791623,North
C0663,20,F,Standard,5882.66203819429,North
C0664,43,M,Basic,2670.45680100147,North
C0665,34,M,Premium,8992.64618252341,West
C0666,78,F,Standard,1223.6588387722695,West
C0667,45,F,Premium,4957.760080498521,South
C0668,43,M,Basic,708.8923643349658,South
C0669,55,M,Standard,1131.4970995373453,West
C0670,69,M,Premium,3097.468257355125,West
C0671,43,F,Basic,410.20292184506087,East
C0672,25,F,Premium,1462.4376598105835,East
C0673,65,F,Premium,329.1871340548289,North
C0674,61,M,Standard,773.9890792472204,North
C0675,70,F,Basic,493.54045065258515,East
C0676,19,M,Standard,1559.37543068529,South
C0677,72,M,Basic,6208.6512848032235,West
C0678,77,F,Premium,1597.2352796894102,West
C0679,63,M,Standard,4969.939122826107,North
C0680,30,M,Standard,2863.6846239518354,South
C0681,20,F,Standard,996.6902698675651,East
C0682,56,M,Standard,92.16221829339301,North
C0683,28,M,Premium,3895.804110933393,West
C0684,49,M,Basic,646.7749673369372,West
C0685,38,M,Basic,1278.3351474302765,North
C0686,78,F,Premium,1395.617276293093,East
C0687,43,F,Premium,678.6532699816752,East
C0688,59,M,Basic,1284.6069288886345,South
C0689,49,F,Standard,217.71115008174257,West
C0690,70,M,Basic,423.06598502438305,North
C0691,64,M,Standard,461.86737503589876,North
C0692,34,M,Standard,438.5891293163544,South
C0693,23,M,Standard,2998.039013484973,East
C0694,58,M,Basic,2552.1397251627513,North
C0695,68,F,Premium,1554.655443708073,North
C0696,35,F,Premium,1066.04998374251,West
C0697,36,M,Premium,766.5084516935228,West
C0698,66,M,Basic,1515.787193110846,South
C0699,22,M,Basic,3485.329649934091,West
C0700,52,M,Premium,155.64193810156152,West
C0701,48,F,Standard,1949.9035054953945,West
C0702,40,M,Premium,660.8369652399231,North
C0703,31,F,Basic,416.4057367724636,East
C0704,55,F,Premium,1947.454018409521,South
C0705,62,F,Premium,8287.503579041082,West
C0706,57,F,Basic,82.36444948317506,East
C0707,25,M,Premium,4752.885359102264,South
C0708,54,M,Premium,706.7332554215811,East
C0709,67,F,Basic,6035.375121901878,South
C0710,47,M,Premium,5774.673742991856,North
C0711,30,F,Basic,63.85247824134013,South
C0712,78,M,Premium,127.7369151567997,East
C0713,77,F,Premium,319.3442803244188,West
C0714,56,F,Standard,3097.844390105466,East
C0715,20,M,Premium,5955.021005779045,West
C0716,45,F,Standard,128.53091203561544,East
C0717,40,F,Premium,141.64932293694397,South
C0718,76,M,Standard,1697.3146837051006,North
C0719,50,F,Standard,287.0435005001076,South
C0720,52,F,Basic,99.87557579824879,North
C0721,65,M,Basic,1051.0914036082559,North
C0722,60,F,Standard,1321.5739919112812,South
C0723,59,M,Basic,1015.586401247682,East
C0724,34,M,Basic,6640.307937407176,West
C0725,66,M,Standard,1792.7951816244795,West
C0726,35,F,Premium,5890.354688607074,South
C0727,40,M,Standard,827.1899131316083,West
C0728,38,M,Premium,1274.6336224909196,East
C0729,60,F,Premium,1660.4383115117732,North
C0730,58,F,Standard,2.787630857436749,East
C0731,42,M,Basic,500.2004973873113,East
C0732,56,F,Premium,567.0355013262774,West
C0733,36,M,Basic,1742.7003158511627,South
C0734,18,M,Standard,94.60031853502993,West
C0735,46,M,Standard,189.6814674062334,North
C0736,34,F,Basic,342.08286485845923,South
C0737,59,F,Premium,137.72797681365645,West
C0738,26,F,Standard,1512.2029772959384,South
C0739,48,M,Basic,1285.3055493203572,South
C0740,44,M,Basic,3061.352686382586,East
C0741,19,F,Premium,2424.9925384283783,East
C0742,19,F,Basic,1258.7969799978555,North
C0743,36,M,Basic,1043.9886214450014,North
C0744,35,M,Premium,5166.510949639998,North
C0745,25,M,Premium,385.78032586269893,South
C0746,19,F,Standard,2060.565809256093,East
C0747,19,F,Premium,2203.9784576293573,West
C0748,47,F,Basic,45.440550444967265,West
C0749,22,F,Basic,494.2396499168592,East
C0750,22,F,Premium,712.9621067118015,West
C0751,67,F,Basic,1526.3051145141362,East
C0752,41,F,Basic,1131.0974713852593,West
C0753,58,F,Basic,1340.4199569324785,North
C0754,26,M,Basic,626.6655992434983,West
C0755,21,M,Premium,7284.911600949263,South
C0756,23,F,Standard,4210.581332201285,North
C0757,73,F,Standard,2607.8657080870103,West
C0758,78,M,Standard,1087.0680557330713,West
C0759,21,M,Standard,4453.372252957435,East
C0760,32,F,Standard,3439.389509515276,East
C0761,72,F,Premium,1076.6707887158739,South
C0762,60,F,Standard,1454.1760427201536,North
C0763,28,F,Standard,5621.404816995985,South
C0764,68,M,Standard,2191.958430694559,South
C0765,69,M,Standard,2545.370374381677,West
C0766,36,M,Standard,41.673319561981614,South
C0767,25,F,Basic,1188.0492542752525,West
C0768,47,M,Basic,163.74229080193334,East
C0769,46,F,Premium,3814.0318949738507,East
C0770,59,F,Standard,1422.3141197200268,South
C0771,19,M,Basic,142.97811709906236,West
C0772,54,M,Basic,315.46104868697824,West
C0773,40,F,Premium,8.232088431505806,South
C0774,60,F,Standard,2000.3926802878102,East
C0775,29,M,Basic,119.42456136586205,South
C0776,35,M,Basic,1087.7775889140867,West
C0777,53,M,Premium,1370.604276044454,West
C0778,60,M,Basic,1540.8723378548402,South
C0779,24,F,Standard,2752.6760586164773,East
C0780,40,F,Basic,371.732129040334,East
C0781,25,F,Basic,2238.530730885836,North
C0782,27,F,Basic,192.69231170189383,West
C0783,74,F,Basic,1198.863309546001,West
C0784,70,M,Basic,1467.0913604856116,North
C0785,53,F,Basic,823.5839983736641,North
C0786,27,M,Premium,17.312167254884194,East
C0787,74,M,Basic,1183.0874702263627,North
C0788,71,M,Standard,585.0843259671495,North
C0789,43,F,Premium,2271.1205198258513,East
C0790,23,F,Basic,1295.6861487809342,West
C0791,32,M,Standard,4095.096545591483,South
C0792,38,F,Standard,2143.988379859324,South
C0793,74,M,Basic,238.75388871224632,South
C0794,35,M,Premium,6339.287317352245,North
C0795,71,F,Premium,908.964511844275,North
C0796,68,F,Standard,1833.8409635578566,East
C0797,64,M,Basic,1066.0751797420053,West
C0798,77,M,Basic,1944.095607128603,East
C0799,31,F,Premium,10163.274836746132,West
C0800,23,F,Premium,4103.061292832135,East
C0801,72,M,Standard,1295.0681587466802,West
C0802,48,F,Basic,1908.5036916165886,North
C0803,34,F,Premium,1774.9064083929864,West
C0804,72,M,Basic,8479.36609092415,West
C0805,68,F,Premium,53.673980259404544,East
C0806,70,M,Basic,1889.9348383588456,North
C0807,49,F,Premium,884.7843957685318,West
C0808,27,M,Standard,8311.82896237034,South
C0809,29,M,Basic,633.2245643135958,East
C0810,54,M,Premium,983.6078777633774,South
C0811,57,F,Standard,1440.6928739759917,North
C0812,51,F,Standard,3469.315206935515,West
C0813,20,M,Premium,1964.5386974831817,West
C0814,66,M,Premium,1651.017692847319,West
C0815,36,M,Premium,905.057268229001,West
C0816,56,F,Premium,684.1805502921246,West
C0817,57,M,Premium,872.9952219476893,North
C0818,34,F,Basic,2453.005467422445,West
C0819,26,M,Premium,516.509421718951,South
C0820,40,F,Standard,894.523433894603,West
C0821,21,F,Premium,816.8892149977085,South
C0822,74,M,Premium,453.5029425287552,North
C0823,42,M,Basic,2519.953218994057,North
C0824,57,F,Premium,300.6170030769021,North
C0825,31,M,Basic,2604.1329575425475,South
C0826,74,F,Basic,474.35851333841447,West
C0827,29,M,Standard,9604.475247633143,South
C0828,37,F,Standard,482.6250149641822,North
C0829,52,F,Premium,1298.9244555326159,West
C0830,59,F,Basic,2551.723033533748,West
C0831,57,M,Premium,285.3463997909341,South
C0832,68,F,Basic,4896.579281824954,East
C0833,41,F,Premium,5090.110185270417,West
C0834,28,M,Basic,5123.957346486409,South
C0835,66,M,Basic,2875.7995973250568,South
C0836,26,M,Premium,285.3542853463521,South
C0837,79,F,Standard,163.60466324998066,North
C0838,48,M,Basic,866.667890851982,North
C0839,34,F,Premium,8937.393834844019,East
C0840,51,M,Premium,605.7364949041329,South
C0841,79,F,Standard,2507.9324084908876,North
C0842,66,F,Basic,3903.848431234439,South
C0843,63,M,Basic,903.3118154278687,East
C0844,63,M,Standard,1379.7282767987713,East
C0845,60,F,Standard,1663.3429090419168,North
C0846,19,F,Premium,509.04936439802606,West
C0847,56,M,Basic,115.62435855364191,West
C0848,66,M,Basic,1102.3725230032983,East
C0849,65,F,Basic,1449.631421018943,West
C0850,75,M,Basic,3543.403416565092,North
C0851,65,F,Premium,487.0716221759856,North
C0852,75,F,Basic,4954.151912201297,South
C0853,36,M,Basic,12678.895956487973,South
C0854,39,F,Premium,695.7685324595151,South
C0855,41,M,Standard,1391.5677796235277,West
C0856,62,M,Standard,2475.6697216222155,North
C0857,38,F,Standard,1567.7026366482785,East
C0858,53,M,Basic,268.2140737247917,West
C0859,37,M,Basic,1039.297344070534,South
C0860,47,F,Basic,833.1448549773106,South
C0861,27,F,Standard,695.4635012152999,East
C0862,27,F,Premium,200.68826970575577,North
C0863,35,F,Basic,2679.2100915052624,North
C0864,38,F,Premium,5283.325502431295,South
C0865,37,M,Premium,343.5155945479895,West
C0866,68,F,Standard,971.882160956821,East
C0867,29,F,Standard,136.61320159079415,West
C0868,40,M,Premium,2568.0053882924153,South
C0869,57,F,Standard,1325.181181423798,West
C0870,71,M,Premium,1.1898699627653813,North
C0871,31,M,Standard,563.2348372409264,West
C0872,41,M,Basic,938.454637812549,South
C0873,51,F,Basic,2213.5796318249954,East
C0874,19,F,Premium,3625.1953316595836,West
C0875,56,M,Basic,129.7171283139177,South
C0876,46,F,Basic,3083.314079143292,East
C0877,24,F,Basic,384.3898958435654,West
C0878,67,F,Basic,170.8716719810881,West
C0879,65,M,Standard,602.4649782538605,East
C0880,63,M,Basic,5341.71022573514,South
C0881,23,M,Standard,649.6916635851375,North
C0882,72,F,Standard,187.3172369293747,North
C0883,35,M,Premium,1474.6725011115866,North
C0884,52,F,Basic,310.09717571034736,West
C0885,19,M,Standard,1105.2877886895049,East
C0886,72,F,Standard,1395.5079967680708,East
C0887,59,F,Standard,2281.3974566424977,West
C0888,52,F,Premium,191.48430071515423,North
C0889,74,M,Standard,1073.6210881446532,South
C0890,53,F,Standard,1632.0464192031022,South
C0891,58,F,Premium,1399.844689825749,West
C0892,45,F,Standard,4405.864861471575,West
C0893,67,F,Premium,1011.6795899657644,South
C0894,58,F,Premium,1453.633157060033,East
C0895,28,M,Standard,1491.2389506491095,South
C0896,76,F,Basic,4684.762034845136,South
C0897,54,M,Standard,871.4694639893046,North
C0898,41,M,Premium,1585.6291362772497,North
C0899,74,M,Premium,1852.1665871806258,East
C0900,56,F,Standard,43.974782817665236,South
C0901,21,F,Basic,248.0233714484425,East
C0902,23,M,Basic,1182.264374437837,East
C0903,51,M,Basic,592.5185997051153,West
C0904,47,M,Basic,1062.0612437988373,East
C0905,29,F,Basic,4532.786149015678,North
C0906,38,M,Standard,96.55621913401542,South
C0907,22,F,Premium,6517.795838667101,North
C0908,18,F,Basic,2816.1159296097567,East
C0909,59,F,Premium,2316.325232534322,East
C0910,21,F,Premium,3694.9999400410074,South
C0911,53,F,Basic,1624.446804554354,South
C0912,68,M,Premium,1722.251509931277,West
C0913,72,M,Standard,1915.9849100058416,West
C0914,19,F,Standard,4801.769958059255,East
C0915,60,M,Premium,3426.896916230902,West
C0916,42,F,Premium,399.2079728887844,West
C0917,33,M,Standard,509.2996310124991,North
C0918,59,F,Standard,2245.8773520002214,West
C0919,64,F,Basic,3484.75961150982,East
C0920,19,M,Premium,2128.140734623556,North
C0921,72,M,Premium,1301.186933108188,West
C0922,20,M,Premium,2830.0434435137113,East
C0923,26,F,Premium,1041.5409170455996,East
C0924,21,M,Premium,2056.5110028835243,West
C0925,54,M,Premium,291.87706655913934,South
C0926,21,F,Basic,1732.030252550935,South
C0927,72,M,Basic,167.3384974008187,South
C0928,52,M,Basic,114.0806915234171,South
C0929,19,M,Basic,4961.363388422748,North
C0930,24,M,Premium,7305.612487457824,South
C0931,60,M,Basic,1259.103123625784,South
C0932,60,F,Basic,1010.1155888780129,East
C0933,53,M,Premium,695.6388119768294,South
C0934,58,M,Premium,628.9555851604256,West
C0935,37,F,Standard,900.9732856941904,North
C0936,68,F,Basic,3175.245346831437,South
C0937,66,M,Standard,2272.5903980928833,East
C0938,48,M,Basic,3633.3869826177806,West
C0939,65,M,Basic,2748.265616322416,West
C0940,31,M,Standard,205.25981340052152,South
C0941,30,M,Basic,1642.713475388876,North
C0942,43,M,Standard,1562.5793858962386,North
C0943,38,M,Premium,1303.4657445319904,West
C0944,56,M,Premium,1339.4040481782351,North
C0945,52,M,Basic,2989.2992203483054,North
C0946,70,F,Basic,2662.822330695124,South
C0947,66,F,Premium,979.3160210465148,West
C0948,76,M,Standard,6230.646659305782,West
C0949,36,M,Premium,1651.020625282366,North
C0950,53,F,Premium,2136.415122041955,North
C0951,47,M,Standard,1298.5040873966964,West
C0952,63,F,Standard,1045.415194891725,West
C0953,77,M,Premium,365.7571310947689,North
C0954,36,M,Premium,764.4557878114712,West
C0955,22,F,Basic,1352.8307303833722,North
C0956,55,M,Standard,695.2408712214939,North
C0957,78,M,Basic,3232.8833061853593,West
C0958,33,M,Premium,2298.194879969533,West
C0959,76,M,Basic,3031.334547410987,West
C0960,44,F,Premium,2356.7006040580445,West
C0961,73,F,Standard,517.186761405102,East
C0962,78,M,Standard,37.73329347501114,West
C0963,62,M,Basic,5504.714409463018,West
C0964,35,F,Basic,1062.9316644992268,East
C0965,29,F,Premium,1729.1211840201127,East
C0966,75,F,Basic,1088.2575030154758,North
C0967,73,M,Basic,298.4651184779239,North
C0968,66,M,Premium,80.67670872496734,North
C0969,41,F,Standard,1262.8427691318348,North
C0970,61,F,Basic,3356.3647348261566,West
C0971,61,F,Standard,2078.0477563018185,East
C0972,54,F,Premium,6196.786751116107,West
C0973,35,F,Premium,1014.544323587879,West
C0974,54,M,Premium,1438.873373535201,West
C0975,71,M,Basic,1991.3392209545323,West
C0976,50,F,Premium,882.5173888567168,North
C0977,78,F,Basic,1096.7832122794675,North
C0978,24,F,Standard,2104.9845812822537,South
C0979,20,M,Standard,470.02687624503284,South
C0980,26,M,Basic,1352.7547024368735,East
C0981,61,F,Premium,917.9559218354339,North
C0982,70,F,Standard,958.7372383096003,North
C0983,78,M,Premium,2140.314499558221,West
C0984,43,F,Premium,807.3665672457987,South
C0985,57,M,Basic,2247.6206322377298,South
C0986,42,F,Standard,3541.7270780370186,West
C0987,71,F,Standard,960.0961740704637,West
C0988,19,F,Premium,2093.53245788562,East
C0989,49,M,Basic,1452.2988055819271,North
C0990,73,M,Standard,5223.399426272968,South
C0991,33,F,Basic,5796.983840291317,North
C0992,47,F,Standard,1958.4474577322228,West
C0993,76,M,Basic,715.5451837936863,North
C0994,50,F,Standard,5129.758645759912,North
C0995,20,M,Premium,322.1687074519212,South
C0996,58,M,Basic,10791.965580185906,West
C0997,45,F,Premium,755.0721403946696,East
C0998,50,M,Basic,1370.9800411359784,South
C0999,58,F,Standard,578.8571238213616,West
C1000,73,F,Premium,2591.233393331367,West
